id,source,country,author,rating,title,review,date,likes,version,url
reddit_post_1vvqbw3,reddit,IN,Inner_String_1361,,Need fashion advice girls,"Hey my girl bestfriend birthday is soon and I want to give her a gift. Her favourite colour is white and she is a little tomboyish and cute and 5'2 with weight of 50kg. I want to buy something for her from MYNTRA specifically. Suggest me something. (I was thinking of maybe a jacket or a hoodie) But idk I am lost . 

Budget is upto 4000 INR",2026-08-22T22:48:34.000Z,0,,https://reddit.com/r/IndianFashionAddicts/comments/1vvqbw3/need_fashion_advice_girls/
reddit_comment_p5cnmzk,reddit,IN,Delicious-Dust-1998,,,"Hey girl theres a hoodie on myntra with rhinestone on the back just put up

Black Oversized Rhinestone T-Shirt
In the search bar, tomboyish + sexy.",2026-08-23T04:48:36.000Z,1,,https://reddit.com/r/IndianFashionAddicts/comments/1vvqbw3/need_fashion_advice_girls/p5cnmzk/
reddit_post_1vvgw5h,reddit,IN,calm_monster,,Does this combination work?,"Alsoo which footwear should I go with? Brown or black? Planning to wear this for a music gig. 

Top is from savana, skirt from h&amp;m, both footwear from myntra. ",2026-08-22T16:29:22.000Z,522,,https://reddit.com/r/IndianFashionAddicts/comments/1vvgw5h/does_this_combination_work/
reddit_post_1vv6po6,reddit,IN,octopus_wild202,,"Help me, which one looks better ?","Tees: white from Amazon  
 Green, and striped : max   
Jeans: Myntra ",2026-08-22T08:25:47.000Z,44,,https://reddit.com/r/IndianFashionAddicts/comments/1vv6po6/help_me_which_one_looks_better/
reddit_post_1vuib4f,reddit,IN,Yours_Truly_404,,Myntra gone down the hill,"Recently I found out that Myntra is allowing any brand to pose as any other brand.

I bought a “dressberry” jeans of 1k to 2k (reasonable for this brand’s jeans). But when I opened I got some random brand’s pants. I’m not going to return since it fits just fine. Plus don’t want the hassle.

But now I know that the brands we see in Myntra are no more worth paying a premium anymore. Same with another brand: “all about you”. It came out as a brand collab with deepika padukone and their pieces were very well made. But they sell trash now.

I could just go to Meesho and buy a 300/- bucks worth denim pants if I get the same unauthentic stuff, why pay \~2000/- here? Buying online stuffs has gotten worse day by day. The pictures are stunning but the piece you get looks average and cloth feels rugged, heavy like a tablecloth.

Are y’all also experiencing this?",2026-08-21T14:43:15.000Z,49,,https://reddit.com/r/IndianFashionAddicts/comments/1vuib4f/myntra_gone_down_the_hill/
reddit_comment_p51bxyc,reddit,IN,ApprehensiveCream284,,,"Happened with me last month. Ordered these co-ord sets from myntra and i didn't receive the brand i had ordered received another brand. The product looked same as the image but the brand tag was different so i returned it.


Lately myntra has become shit. Previously I faced issues with size and return as well.


I'm actively looking for alternative options but can't really find the UI attractive enough to make me stay on those apps lol",2026-08-21T14:55:34.000Z,34,,https://reddit.com/r/IndianFashionAddicts/comments/1vuib4f/myntra_gone_down_the_hill/p51bxyc/
reddit_comment_p5675qu,reddit,IN,DJMAGN3M,,,"also the stylecast or revolt crap that is just chinese dropshipped clothes sucks adn pls dont orderr from that , myntra is shit now , ajio is doing better ",2026-08-22T06:05:06.000Z,4,,https://reddit.com/r/IndianFashionAddicts/comments/1vuib4f/myntra_gone_down_the_hill/p5675qu/
reddit_comment_p51qcc0,reddit,IN,anonpumpkin012,,,"Almost all of their in-house brands are now using AI pic as well, you never know what you’re gonna get. I have started avoiding Myntra",2026-08-21T15:57:58.000Z,8,,https://reddit.com/r/IndianFashionAddicts/comments/1vuib4f/myntra_gone_down_the_hill/p51qcc0/
reddit_comment_p525hjq,reddit,IN,Existing_Quote_1965,,,"There's a video proof where the middlemen (courier guys) open the couriers and replace the product with stupid stuff. Myntra still didn't work on it or not willing to work on it. The only advice I can give for people who are shopping online is, record unboxing video so you have a solid proof. Because most of the times myntra doesn't refund or accept exchange saying brand sent the right product. ",2026-08-21T17:03:10.000Z,2,,https://reddit.com/r/IndianFashionAddicts/comments/1vuib4f/myntra_gone_down_the_hill/p525hjq/
reddit_comment_p555mqc,reddit,IN,Cookie_monster69420,,,"True, happened with me too. Lost 8000 rupees in this scam. Have stopped ordering from Myntra completely now.",2026-08-22T01:48:32.000Z,3,,https://reddit.com/r/IndianFashionAddicts/comments/1vuib4f/myntra_gone_down_the_hill/p555mqc/
reddit_comment_p56g7cl,reddit,IN,Unable-Language9120,,,"**Never shopping at Myntra again! I tried to return a dress, but the delivery agent refused to pick it up, and the app rejected the return over a missing tag. the tag was intact!!!!!!!**  **automated  system generated** **msg !!!Worse, there is no way to speak to a human customer service rep to resolve the issue—just incredibly frustrating automated phone menus**",2026-08-22T07:19:13.000Z,2,,https://reddit.com/r/IndianFashionAddicts/comments/1vuib4f/myntra_gone_down_the_hill/p56g7cl/
reddit_comment_p56o9hp,reddit,IN,Significant-Word-333,,,"happened w me last year, haven't ordered from myntra ever since",2026-08-22T08:28:57.000Z,1,,https://reddit.com/r/IndianFashionAddicts/comments/1vuib4f/myntra_gone_down_the_hill/p56o9hp/
reddit_comment_p5e0ymx,reddit,IN,Slow-Introduction141,,,Myntra is literally shit now.  ,2026-08-23T11:32:45.000Z,1,,https://reddit.com/r/IndianFashionAddicts/comments/1vuib4f/myntra_gone_down_the_hill/p5e0ymx/
reddit_post_1vti5dq,reddit,IN,Ok_2572021,,OOTD :) with new hairstyle,"Today's haircut 

Top and jeans from myntra.",2026-08-20T12:29:35.000Z,141,,https://reddit.com/r/IndianFashionAddicts/comments/1vti5dq/ootd_with_new_hairstyle/
reddit_post_1vsmas4,reddit,IN,Ok_2572021,,How's this outfit looking?,"This top I purchased from an offline store.
It's bright red color, it's my first time trying bright red on me.

Jeans is from myntra, it's a flared jeans.

I wore this for just a casual outing.

1st pic is taken in a lift mirror so it's blurred because of some lift lighting or mirror print 

My friend who I went with was strictly against me wearing it saying it doesn't look good on me🥲.",2026-08-19T13:22:20.000Z,192,,https://reddit.com/r/IndianFashionAddicts/comments/1vsmas4/hows_this_outfit_looking/
reddit_post_1vruvhb,reddit,IN,allthingslight16257,,Has anyone tried bags of Corsica brand before? Any reviews? The designs are great but idk about quality,They are available on Myntra and nykaa fashion. Has anyone purchased?,2026-08-18T16:52:08.000Z,1,,https://reddit.com/r/IndianFashionAddicts/comments/1vruvhb/has_anyone_tried_bags_of_corsica_brand_before_any/
reddit_comment_p4h0w3d,reddit,IN,Local-Memory2191,,,"Got one from Myntra a few months back, the embroidered tote. Design held up fine, but the stitching at the base started loosening after maybe six weeks of daily use. Not terrible for the price, definitely more of a statement piece than an everyday workhorse. If you're just carrying light stuff, should be okay.",2026-08-18T18:53:44.000Z,1,,https://reddit.com/r/IndianFashionAddicts/comments/1vruvhb/has_anyone_tried_bags_of_corsica_brand_before_any/p4h0w3d/
reddit_post_1vrm51a,reddit,IN,Akshay21_09,,Finding funny tshirts on myntra,"Found bellbum and glitchez on myntra and they have such meme and food coded tshirts, but don’t have a lot of reviews. Has anyone tried them? what is the quality like? are there other brands that do such fun tshirts? my budget is 500",2026-08-18T11:11:09.000Z,2,,https://reddit.com/r/IndianFashionAddicts/comments/1vrm51a/finding_funny_tshirts_on_myntra/
reddit_comment_p4ea2ug,reddit,IN,Wonderful_Win_5920,,,"I personally really like tshirts from roadster and dillinger on myntra, dk about meme tshirts but they have some fun food based prints, you may like",2026-08-18T11:14:56.000Z,1,,https://reddit.com/r/IndianFashionAddicts/comments/1vrm51a/finding_funny_tshirts_on_myntra/p4ea2ug/
reddit_comment_p4ef47i,reddit,IN,girldinnerdaily,,,I don’t really check the brands as long as return is available. Haven’t had any issues buying tshirts from Myntra.,2026-08-18T11:47:16.000Z,1,,https://reddit.com/r/IndianFashionAddicts/comments/1vrm51a/finding_funny_tshirts_on_myntra/p4ef47i/
reddit_post_1vrkql3,reddit,IN,calm_monster,,A few recent fits,"First one was during a trip - top is from myntra, pants from a local shop in Manali and footwear from birkenstock. Second one - top is from h&amp;m, skirt from ginger and footwear from birkenstock. Third - top from h&amp;m, pants from tata cliq and shoes are adidas. ",2026-08-18T09:57:08.000Z,191,,https://reddit.com/r/IndianFashionAddicts/comments/1vrkql3/a_few_recent_fits/
reddit_post_1vrgxve,reddit,IN,ninynin,,Genuinely good apps/ websites to buy clothes?,"I’m a girl and I need suggestions from other girls. I’ve tried amazon and flipkart and when it comes to cloth varieties, they are hopeless. Myntra is fine but now I need some other app suggestions where I can buy genuinely good clothes and dresses.",2026-08-18T06:14:40.000Z,2,,https://reddit.com/r/IndianFashionAddicts/comments/1vrgxve/genuinely_good_apps_websites_to_buy_clothes/
reddit_comment_p4dacko,reddit,IN,Additional-Load9406,,,"I get it, Myntra starts feeling samey after a while. Try checking out some smaller curated sites, they usually have better variety for dresses and casual wear.",2026-08-18T06:26:29.000Z,3,,https://reddit.com/r/IndianFashionAddicts/comments/1vrgxve/genuinely_good_apps_websites_to_buy_clothes/p4dacko/
reddit_post_1vqz0sz,reddit,IN,BbrokenAngell,,"Where can I buy jeans ""longer"" tall girls help I'm 5'7","Girlies please help me out i got jeans from newme savana and myntra but they're short on me I'm 169cm and i wear heels so i need jeans of length 43 Inches best! All i get is 40 inches when i shop online I'm tireddddddd they're so damn short😭😭😭

Recs are needed🙏🏻",2026-08-17T17:36:46.000Z,4,,https://reddit.com/r/IndianFashionAddicts/comments/1vqz0sz/where_can_i_buy_jeans_longer_tall_girls_help_im_57/
reddit_comment_p49ecn1,reddit,IN,Existing_Quote_1965,,,"• Trendyol (Available on Myntra. Size chart might be bit confusing but it's worth it especially for the length)

• h&amp;m  (good length and right now there's a sale going on)

• Mango (quality &amp; length) 

• ASOS, Bershka (Limited designs available on Myntra. Don't get from Ajio, they send crap most of the times.)",2026-08-17T17:49:17.000Z,6,,https://reddit.com/r/IndianFashionAddicts/comments/1vqz0sz/where_can_i_buy_jeans_longer_tall_girls_help_im_57/p49ecn1/
reddit_post_1vqhrnh,reddit,IN,ImpossibleOkra977,,Where can I buy Comfy and lasting heels?,"I’m looking for good heels which we see in movies and Hollywood formal wears. I’ve tried a couple from Myntra but that are neither comfy nor long lasting (the heel or the strap breaks off). I have the plum from Theater. It looks AMAZING but isn’t really comfortable.   
I’m looking for some classy and elegant footwear (maybe block heels). Please suggest your favs. ",2026-08-17T04:03:57.000Z,30,,https://reddit.com/r/IndianFashionAddicts/comments/1vqhrnh/where_can_i_buy_comfy_and_lasting_heels/
reddit_post_1vpu8b5,reddit,IN,Important_Fee6953,,Good Quality Formal Outfits for women under Rs.1000?,"Hi everyone! I’m looking for good-quality formal/workwear for women, preferably under ₹1,000 per piece. Mainly looking for shirts, tops, trousers, or anything suitable for office/academic settings.

Myntra would be ideal, but I’m open to Ajio, Amazon, Westside, H&amp;M sale finds, or other reliable online stores as well.

Would really appreciate recommendations for brands or specific pieces y'all have personally tried that look polished, fit well, and don’t feel very cheap in terms of fabric/quality. Thanks!",2026-08-16T11:07:20.000Z,1,,https://reddit.com/r/IndianFashionAddicts/comments/1vpu8b5/good_quality_formal_outfits_for_women_under_rs1000/
reddit_post_1vpqr6n,reddit,IN,Momo_licious,,A few of my fav fits in the last couple of weeks,"Outfit 1:

Top: Dipitreats

Shorts: Sarojini

Boots: Westside 

Necklace: Palmonas

Earrings: Sector 14, Ggn

Bangles: Flipkart 

Outfit 2:

Dress: Ajio

Shoes: Catwalk 

Bangles: Flipkart

Necklace: Amazon (Tarnish free)

Outfit 3 and 4:

Top: HnM

Jeans: HnM

Belt: Church Street 

Bag: Caprese

Star Necklace: Flipkart 

Outfit 5:

Top: Savana

Belt: Onwd

Jeans: Myntra

Tote: Max Fashion

Outfit 6: 

Top: Savana

Shorts: Sarojini

Shoes: Ajio

Outfit 7:

Top: Amazon

Jeans: HnM",2026-08-16T07:38:29.000Z,882,,https://reddit.com/r/IndianFashionAddicts/comments/1vpqr6n/a_few_of_my_fav_fits_in_the_last_couple_of_weeks/
reddit_post_1vpqjf5,reddit,IN,HoneyHoneyTH,,Where can I buy quality outfits Online for daily wear ?,"I brought clothes from Trends, Libas, Myntra, Messho, Amazon, Flipkart, some are fine some are really hard to maintain colour leaking, Transparent clothes- So looking for suggestions.  Daily wear clothes, Kurti sets, Long tops, maxi dresses. Recently found Aramya haven't bought anything yet.",2026-08-16T07:25:36.000Z,1,,https://reddit.com/r/IndianFashionAddicts/comments/1vpqjf5/where_can_i_buy_quality_outfits_online_for_daily/
reddit_post_1vpq6ei,reddit,IN,Necessary-Flamingo31,,Budget Shirt recommendations for midsize girls👚,"Looking for shirt recommendations from fellow mid-size girlies! ✨

I'm 5'3"", usually wear an L (sometimes XL for a relaxed fit), and I'm on the hunt for cute but sober cotton or linen shirts that don't cost a fortune. I usually shop from Westside and occasionally FabIndia, but FabIndia's cotton shirts feel a bit too expensive for regular purchases.

Would love recommendations for affordable brands—whether it's a big brand, a hidden gem on Myntra/Ajio, or a small Instagram store you've personally tried :)

Thanks in advance 🎀",2026-08-16T07:04:46.000Z,0,,https://reddit.com/r/IndianFashionAddicts/comments/1vpq6ei/budget_shirt_recommendations_for_midsize_girls/
reddit_post_1vovb7g,reddit,IN,Bangalore_newmom,,Date night fit - footwear recommendations,"Date night outfit, need footwear recommendations!

Black dress from Myntra",2026-08-15T06:26:45.000Z,1,,https://reddit.com/r/IndianFashionAddicts/comments/1vovb7g/date_night_fit_footwear_recommendations/
reddit_post_1vnigj0,reddit,IN,Substantial_Bet_6766,,What brands to shop from on myntra for ethnic festive wear kurta sets?Just AI pics,"I was browsing through myntra for ethnic wear for the upcoming festivities and all I can see is AI pictures. Also 5 different brands are showing the same dress at different rates. The fabric is mostly polyester. 

Which brands to look for for authentic ethnic Festive wear kurta sets with decent fabric quality and affordable price?",2026-08-13T18:08:43.000Z,2,,https://reddit.com/r/IndianFashionAddicts/comments/1vnigj0/what_brands_to_shop_from_on_myntra_for_ethnic/
reddit_comment_p3k8nr2,reddit,IN,Relevant-Instance774,,,"trying to shop ethnic wear on myntra right now is a minefield of the same 3 polyester sets photoshopped onto different models. it's exhausting to scroll through.

  
if you're after decent fabric at a reasonable price, skip the random alphabet-soup brand names and check libas, indya, or fabindia. their cotton and silk blends actually hold up through a wash cycle and the stitching doesn't unravel after one wear.",2026-08-14T01:27:07.000Z,2,,https://reddit.com/r/IndianFashionAddicts/comments/1vnigj0/what_brands_to_shop_from_on_myntra_for_ethnic/p3k8nr2/
reddit_post_1vm3caw,reddit,IN,bored_soul3,,Need help finding good quality but not too expensive boxy fit oversized t shirts for men,"I can't find any good quality or even decent quality boxy fit oversized t shirt altho I see them in reel , short but can't find on Myntra or other sites. I am 5'8“ so oversized t shirts make me look small anyways. Budget is around 500 to 800 for daily wear and gym and for high quality upto 1k 

Please help 😭",2026-08-12T03:53:44.000Z,7,,https://reddit.com/r/IndianFashionAddicts/comments/1vm3caw/need_help_finding_good_quality_but_not_too/
reddit_comment_p36gc3j,reddit,IN,Silver-Complaint-870,,,"yo i had the same issue with the boxy fit looking off on my frame (i'm 5'7” so i get it). the trick is getting something with dropped shoulders but shorter length, otherwise it just swallows you whole

  
for that budget honestly your best bet is looking at places that do blanks for streetwear brands. lots of them sell direct to consumer now and the quality is way better than the fast fashion stuff on myntra

  
also check local wholesale markets if you're in a metro city. sometimes you find gems there for like 400-600 that feel way more substantial than anything online",2026-08-12T04:31:10.000Z,1,,https://reddit.com/r/IndianFashionAddicts/comments/1vm3caw/need_help_finding_good_quality_but_not_too/p36gc3j/
reddit_post_1vkijsu,reddit,IN,Sensitive-Title1958,,Help me pick cute trip outfits?,"Will be going on a trip with my best friend soon and want to order a few cute pieces before that. Generally I need dresses, co-ord and trendy tops/
I have been checking Savana, Newme, Meesho, Urbani and Myntra but I don’t know which one is worth it right now. I am also abit o a budget? helpp",2026-08-10T11:47:36.000Z,36,,https://reddit.com/r/IndianFashionAddicts/comments/1vkijsu/help_me_pick_cute_trip_outfits/
reddit_comment_p2tt278,reddit,IN,halahulu,,,"Savanna , newbie have cheap polyester clothes. They do look good in photos but don’t feel same on the body . If I need quality clothes of any kind (dresses, jumpsuits, tops) , I shop by Myntra. It is shithole too and bombards lot unnecessary stuff but what you can do is , just search what you need than go to filters, select cotton fabric, your size, your price range and you can definitely get really good clothes. I have tried this and bought three dresses recently, all under 800 and all three purchases were very good. ",2026-08-10T12:58:14.000Z,2,,https://reddit.com/r/IndianFashionAddicts/comments/1vkijsu/help_me_pick_cute_trip_outfits/p2tt278/
reddit_post_1vidycm,reddit,IN,Luna_TheFish,,Friday night's outfit. 👌🏼or 😶,"Jeans:- H&amp;M, Top:- Oyela, Heels:- Myntra ",2026-08-07T21:52:45.000Z,688,,https://reddit.com/r/IndianFashionAddicts/comments/1vidycm/friday_nights_outfit_or/
reddit_post_1vi53p5,reddit,IN,calm_monster,,A casual summer fit,"I love the embroidery on these pants! The crop top is from myntra, pants from tata clig and footwear from Birkenstock.",2026-08-07T16:18:11.000Z,103,,https://reddit.com/r/IndianFashionAddicts/comments/1vi53p5/a_casual_summer_fit/
reddit_post_1vi1uiz,reddit,IN,mihikitty,,Fashion is the unofficial KRA.,"Outfit 1: Shirt: Myntra; Trousers: Tokyo Talkies; Heels: Gnist. 

Outfit 2: Shirt + Trousers: Tokyo Talkies; Heels: Gnist; Twilly: Amazon. 

Outfit 3: Shirt: Amazon; Trousers: Kotty; Belt: Savana; Heels: Purple Hunt. 

Outfit 4: Kurta: Myntra; Pant: Amazon; Watch: Casio 

Outfit 5: Top: DBlu; Jeans: Tokyo Talkies; Flats: Dressberry; Watch: AP Swatch",2026-08-07T14:15:51.000Z,313,,https://reddit.com/r/IndianFashionAddicts/comments/1vi1uiz/fashion_is_the_unofficial_kra/
reddit_post_1vi0e3p,reddit,IN,The_distressed_doc,,A week outside of scrubs😭,"1) top: h&amp;m, jeans: gap, heels: myntra , bag: aldo  
2) top: h&amp;m, shorts: zara, heels: zudio, bag: aldo  
3) top and skirt: h&amp;m, sneakers: UCB, bag: aldo  
4) kurti: nishorama, pants: savana  
5) top: savana, jeans: roadster, bag: aldo",2026-08-07T13:16:55.000Z,122,,https://reddit.com/r/IndianFashionAddicts/comments/1vi0e3p/a_week_outside_of_scrubs/
reddit_post_1vcjpln,reddit,IN,vapid_curry21,,Where can I get such loose fitting jeans and cargos ?,"I am looking for some denim and cargos.

Want a loose fit that doesn't taper towards the feet.

Am 5'8"" and on the thin side.

I liked these ones till yet.

The jeans are from H&amp;M. Straight loose and loose.

I took one. Need another in solid black.

Didn't like the Levis 568 so much.

Snitch also has some options but the straight loose ones ones have run out in my size.

The cargos is Levi's Baggy. I took this one.

Want one in Olive and Grey too.

Budget is 2k for one item.

I have stuck to only Levi's, Uniqlo etc uptil now. How are the brands like Freakins, Urbano, BonkersCorner etc ?

I heard issues regarding returns, customer support. Will ordering via Myntra etc circumvent this issue ?",2026-08-01T10:24:24.000Z,35,,https://reddit.com/r/IndianFashionAddicts/comments/1vcjpln/where_can_i_get_such_loose_fitting_jeans_and/
reddit_comment_p18vxbe,reddit,IN,Infamous-Depth9956,,,"Try Glitchez on Myntra, exactly same style as you're wearing
",2026-08-02T12:53:38.000Z,1,,https://reddit.com/r/IndianFashionAddicts/comments/1vcjpln/where_can_i_get_such_loose_fitting_jeans_and/p18vxbe/
reddit_post_1vaxpmk,reddit,IN,ihave9kidsinbasement,,Need help for cloths,"From where do I buy clothes where are are in range 1-2k in India and don't tell me h&amp;m,ajio, Myntra etc and clothes must be cool",2026-07-30T15:59:55.000Z,1,,https://reddit.com/r/IndianFashionAddicts/comments/1vaxpmk/need_help_for_cloths/
reddit_post_1v9tqta,reddit,IN,calm_monster,,Fit check for a day out,Everything is from h&amp;m and the footwear is from myntra. ,2026-07-29T11:41:53.000Z,411,,https://reddit.com/r/IndianFashionAddicts/comments/1v9tqta/fit_check_for_a_day_out/
reddit_post_1v9qxl4,reddit,IN,yui_sato1,,I need college outfits pieces advice/recs,"Im (18F) heading to college soon (in abt 20 days). Id like to dress a bit trendy but practically. So far I dont have much of a style .I have 5 pairs of blue jeans(wide leg/flare etc.) and vv neutral color tee shirts  in  black ,white and navy blue. I also have 2 bodycon fullsleeve shirts in black and blue. None of them have any pattern or designs​.I want a few pieces for parties /get-togethers/outings but idk what to buy.Any recs?

(p.s. all my clothes r from myntra)",2026-07-29T09:17:10.000Z,3,,https://reddit.com/r/IndianFashionAddicts/comments/1v9qxl4/i_need_college_outfits_pieces_advicerecs/
reddit_comment_p0fsxph,reddit,IN,gloriouslybuttery,,,"You could try Savana(continue myntra as well), if in Delhi - obviously Sarojini. Build a basic wardrobe capsule which you can mix and match.",2026-07-29T10:05:09.000Z,1,,https://reddit.com/r/IndianFashionAddicts/comments/1v9qxl4/i_need_college_outfits_pieces_advicerecs/p0fsxph/
reddit_post_1v86usw,reddit,IN,Mountain_weird_owl,,What i wore to dinner tonight,"top: Trends  
skirt: savana  
heels: myntra",2026-07-27T17:21:47.000Z,127,,https://reddit.com/r/IndianFashionAddicts/comments/1v86usw/what_i_wore_to_dinner_tonight/
reddit_post_1v63j89,reddit,IN,SpiritualCow5866,,Tried these..rate them,"Both the shirts are from Cahoot (myntra)

Black jeans from Urbano (myntra)

Other pant is from zeric man (local store)

What are the scopes of improvement in them and which one suits me better?",2026-07-25T09:22:20.000Z,29,,https://reddit.com/r/IndianFashionAddicts/comments/1v63j89/tried_theserate_them/
reddit_post_1v2beho,reddit,IN,iSuckatEverythingxx,,Anyone knows about any upcoming sale?,"I know zudio and westside sales start from 31st or 1st 

What about trends, myntra, ajio, amazon big billion?",2026-07-21T07:29:07.000Z,0,,https://reddit.com/r/IndianFashionAddicts/comments/1v2beho/anyone_knows_about_any_upcoming_sale/
reddit_post_1v1gffk,reddit,IN,Ambitious-Estate-665,,where to get a good pair of light blue jeans,"I had this everyday pair of light blue jeans that I absolutely loved, but they finally gave up, they got caught on a nail somewhere, and the inner thigh area had already become thin from friction that it was about to tear anyway

can't wear them anymore, the worst part is they were expensive asf they were from Kraus from Shoppers Stop. I think i paid around 4k for them, though they're like 1.5–1.8k on Myntra now

(they didn't even last a year)

now I need a new pair of everyday jeans that are inexpensive and will actually last 😭

I ordered a pair from some random brand on Amazon today, in the picture it looked light blue, and it showed up looking  navy/dark blue 💀

(wide leg/baggy fit and for women)",2026-07-20T09:18:30.000Z,1,,https://reddit.com/r/IndianFashionAddicts/comments/1v1gffk/where_to_get_a_good_pair_of_light_blue_jeans/
reddit_post_1v0lcgq,reddit,IN,calm_monster,,In my skirt era,"I've been loving wearing skirts this summer season. The top is from shein, skirt and heels from myntra. ",2026-07-19T08:48:55.000Z,779,,https://reddit.com/r/IndianFashionAddicts/comments/1v0lcgq/in_my_skirt_era/
reddit_post_1uyl5jv,reddit,IN,Unkown_variable_,,Need some advice,"19M

I need to leave for college in 9 days.

I have only bought some normal t shirts till now.

What's are the essentials I need to buy and from where? Also include the layering options.

I live in a tier 5(nagar panchayat type shit) city , so suggest whether I should shop offline or online.

Or reach BITS hyd and then buy ?
I am like 33 hours away from hyd by train.

What are other options rather than myntra, ajio ?

Budget 15-17k",2026-07-17T01:04:57.000Z,1,,https://reddit.com/r/IndianFashionAddicts/comments/1uyl5jv/need_some_advice/
reddit_post_1uxxkty,reddit,IN,optimisedweeb,,Want to buy some oversized tshirts from myntra for college,"I want to buy oversized tshirts form myntra but idk which to choose . 

I want them for college .. 

Help me find good oversized tshirts ",2026-07-16T09:10:32.000Z,2,,https://reddit.com/r/IndianFashionAddicts/comments/1uxxkty/want_to_buy_some_oversized_tshirts_from_myntra/
reddit_post_1uxaj8z,reddit,IN,Fragrant-Rich-4786,,i bought this top online now i dont know how to style it 😭😭,"top: shein, jeans: roadster on myntra",2026-07-15T16:16:42.000Z,227,,https://reddit.com/r/IndianFashionAddicts/comments/1uxaj8z/i_bought_this_top_online_now_i_dont_know_how_to/
reddit_post_1uww3rg,reddit,IN,Redleafdabs,,Best places to shop for 5XL clothes for tall men,"I'm a 22M, 6'5 and I have one-sided gynecomastia.

Growing up I mostly wore oversized/baggy clothes, tracksuits, and hip hop/streetwear with a lot of jewelry. Almost everything I own is black or other dark colors

I'm starting my Master's degree soon, and I want to transition to a more smart casual/business casual wardrobe. As much as I like dressing the way I do I probably need to start looking more like an IT guy than a thug 

A few issues:

* I wear around **5XL**.
* Because I'm 6'5"", a lot of brands make shirts wider instead of longer.
* **Myntra** is a hit or miss the length is usually too short.
* **Amazon** is a gamble for the same reason.
* **Swag Shirts 99** has sizes that fit, but the print quality isn't great and starts peeling after 6–8 months. Some of the designs are also a bit too edgy for what I'm looking for now.
* I can't travel to Delhi/Gurgaon anymore where i usually get my cloths from

I was also advised to avoid black because of the Rajasthan heat, but I still prefer darker shades like navy, charcoal, olive, dark grey, etc.

Can anyone recommend good **online stores or brands in India** that:

* Have **5XL/tall-friendly** sizing.
* Are actually longer instead of just wider.
* Offer decent-quality basics, polos, chinos, shirts, and casual/business casual clothing.
* Won't completely destroy my wallet.",2026-07-15T05:01:33.000Z,1,,https://reddit.com/r/IndianFashionAddicts/comments/1uww3rg/best_places_to_shop_for_5xl_clothes_for_tall_men/
reddit_post_1uvarig,reddit,IN,Entire_Row3043,,Just some Basic Fits,"Jeans from Myntra   
Hoodie from Savana ",2026-07-13T12:55:06.000Z,792,,https://reddit.com/r/IndianFashionAddicts/comments/1uvarig/just_some_basic_fits/
reddit_post_1uuk8o7,reddit,IN,realslimshady_69,,Myntra Express Delivery isn’t actually express.,"Ordered trekking shoes on 10 July with Express Delivery. Promised delivery: 11 July.  It’s 12 July now, and they’ve pushed it to 13 July.  If you need something urgently, don’t rely on Myntra’s “Express Delivery.” It’s just a delivery estimate, not a service you can depend on.",2026-07-12T16:32:58.000Z,2,,https://reddit.com/r/IndianFashionAddicts/comments/1uuk8o7/myntra_express_delivery_isnt_actually_express/
reddit_post_1uu7kz2,reddit,IN,CellistEntire5004,,tall girls where are you getting ur tops from?,all the fitted tops or anythign i find on savana myntra and ajio are just so short for my torso (60cm\~) need something that hides my tummy and is mom approved modest. please suggest something,2026-07-12T06:29:34.000Z,1,,https://reddit.com/r/IndianFashionAddicts/comments/1uu7kz2/tall_girls_where_are_you_getting_ur_tops_from/
reddit_post_1uu7kob,reddit,IN,nerdTechie1999,,"Myntra says refund is successful, SBI says they never received it. It's been over a month. What should I do?","https://preview.redd.it/c4cqvfsetqch1.png?width=655&amp;format=png&amp;auto=webp&amp;s=9a10a68f9feab45d229198a43e143f70349a80c0

  
I'm stuck between Myntra and SBI, and I don't know what to do next.

Here's the timeline:

* I requested a refund from Myntra for **₹799**.
* According to Myntra:
   * **₹773.61** was refunded to my UPI-linked SBI bank account.
   * **₹25.39** was added to MynCash.
* The refund was supposedly processed more than **one month ago**, but the amount has **never been credited to my SBI account**.

What I've done so far:

* Contacted Myntra customer support multiple times.
* They escalated the issue and asked me to provide my bank statement, which I did.
* Despite sharing my bank statement showing that no such credit was received, they keep replying with the same **Refund Reference Number (RRN): 103447607448** and insist that the refund was successful.

So I contacted SBI:

* I gave them the RRN provided by Myntra.
* SBI checked and told me they **have not received any such transaction**.
* They aren't being helpful beyond saying they don't see the refund on their end.

Now both parties are blaming each other:

* **Myntra:** ""The refund has been processed successfully. Contact your bank.""
* **SBI:** ""We have not received any refund.""

I'm completely stuck.

Has anyone faced a similar issue? What is the correct way to resolve this?

Some questions:

1. Is the RRN enough for SBI to trace the refund, or should Myntra provide something else (UTR, ARN, settlement proof, etc.)?
2. Should I file a complaint with the RBI Ombudsman, National Consumer Helpline, or Consumer Commission?
3. Has anyone successfully recovered a missing refund in a similar situation?

Any advice would be greatly appreciated.

Thanks!

Edit: I got the refund after escalating it with Myntra. Myntra called one fine day asking for my bank details to process the refund. ",2026-07-12T06:29:08.000Z,2,,https://reddit.com/r/IndianFashionAddicts/comments/1uu7kob/myntra_says_refund_is_successful_sbi_says_they/
reddit_comment_oxfrj3o,reddit,IN,muffin_donut,,,"ask myntra to provide something else.  
email them to have proof that you contacted  
if it seems they are right on their end then contact sbi too  
try national consumer helpline after that.",2026-07-14T08:36:44.000Z,1,,https://reddit.com/r/IndianFashionAddicts/comments/1uu7kob/myntra_says_refund_is_successful_sbi_says_they/oxfrj3o/
reddit_post_1utpkt1,reddit,IN,Ron_516,,Wore this recently,"Tee from westside 

Jeans from Suo Myntra 

Shoes from woodland ",2026-07-11T17:06:19.000Z,15,,https://reddit.com/r/IndianFashionAddicts/comments/1utpkt1/wore_this_recently/
reddit_post_1utcxa6,reddit,IN,Pineappletwerk,,Birthday fittieee,"Dress- trendyol ,myntra 

Heels- steletoes 

Neckpiece - savana ",2026-07-11T07:02:06.000Z,722,,https://reddit.com/r/IndianFashionAddicts/comments/1utcxa6/birthday_fittieee/
reddit_post_1usv248,reddit,IN,Witch_In_Scrubs,,Want recommendations for a dress to wear on my graduation,"I’m 23F, a medical student graduating soon. I need help figuring out what to wear. I wanna wear somet sparkly, shiny, preferably a gown or dress. Girlies, please share me the pics of your recent favourites or something from your wishlist. I’ve tried searching in myntra and I didn’t find anything that suits me. Thank you all in advance ",2026-07-10T17:57:14.000Z,1,,https://reddit.com/r/IndianFashionAddicts/comments/1usv248/want_recommendations_for_a_dress_to_wear_on_my/
reddit_post_1usooxf,reddit,IN,vancy99,,What annoys you most about shopping for clothes online in India?,"Hi everyone, I'm a student researching online fashion shopping experiences (Myntra, Ajio, Meesho, etc.) for a project — genuinely trying to understand what people actually struggle with, not looking to promote anything.

Would love to hear about:

What's the most annoying part of buying clothes online for you?

Is there anything you wish these apps did but they just don't?

Have you ever given up on buying something online and just went to a local store instead — why?

Anything about return/exchange that frustrates you?  
If you could fix ONE thing about how you shop for fashion online, what would it be?

No right or wrong answers — even a one-line rant is super helpful. Thanks in advance!",2026-07-10T14:06:07.000Z,1,,https://reddit.com/r/IndianFashionAddicts/comments/1usooxf/what_annoys_you_most_about_shopping_for_clothes/
reddit_post_1usd2ey,reddit,IN,Evening-Kangaroo-795,,Has anyone ordered directly from Lulu &amp; Sky (not through Myntra)?,"I want to order a top that’s unfortunately out of stock on Myntra, but it’s available on the Lulu &amp; Sky app.

Has anyone here ordered directly from their app or website? How was your experience?

I’m mainly curious about:

Product quality (was it as shown?)

Delivery experience

Return/exchange policy – is it hassle-free?

Customer support – are they responsive if there’s an issue or refund?

Would you recommend ordering directly from Lulu &amp; Sky, or should I skip it?

Thanks in advance!",2026-07-10T04:15:55.000Z,2,,https://reddit.com/r/IndianFashionAddicts/comments/1usd2ey/has_anyone_ordered_directly_from_lulu_sky_not/
reddit_comment_own5rqg,reddit,IN,Temporary-Catch4359,,,"I have, a top for 1.4k. Trust me the quality was shit. And they were refunding only through store credit which I didn't want, so I didn't return it. It's all those chinese products that you see on Alibaba etc. Savana and Newme still have better quality, even if chinese. I regret buying directly from them and not through Myntra, atleast would've got the leverage for a smooth exchange/return. ",2026-07-10T05:38:08.000Z,1,,https://reddit.com/r/IndianFashionAddicts/comments/1usd2ey/has_anyone_ordered_directly_from_lulu_sky_not/own5rqg/
reddit_post_1upoz4f,reddit,IN,RefrigeratorNo2883,,I need help ASAP- MODEST DRESSES,"For the past 4 days i have searched all fashion apps and websites (Myntra, Nykaa fashions, Hm and Zara etc.) I AM DESPERATE AND RUNNING OUT OF TIME

I am looking for a midi/maxi dress with sleeves and  has to be modest (First birthday of my niece)  
Majority options are either sleveless or has no back   
Please suggest any brands that are tried and tested . Budget is upto 10,000  
Please don't suggest savanna or brands which just do fabrics like polyster. I want to just buy clothes that are long lasting and have good fabric.",2026-07-07T08:30:08.000Z,1,,https://reddit.com/r/IndianFashionAddicts/comments/1upoz4f/i_need_help_asap_modest_dresses/
reddit_post_1un0f52,reddit,IN,mihikitty,,"June, in outfits.","Serving lewks and notice period 💅🏼 

Most things are from Amazon, Myntra and stolen from my sisters hehe. ",2026-07-04T05:21:34.000Z,1840,,https://reddit.com/r/IndianFashionAddicts/comments/1un0f52/june_in_outfits/
reddit_post_1umsu9n,reddit,IN,DragZealousidealll,,Do people actually buy clothes for their real life anymore or just for the vibe?,"I was cleaning my wishlist yesterday and realised half the clothes I save are not for anything I actually have planned like I’ll see a cute top or a dress on Savana or myntra and immediately think “this would be nice for a cafe day” or “this would look good on a trip” but then my week is office, errands, family stuff and maybe one dinner if I’m lucky.

It made me wonder if this is just how online shopping has become now like we dont only buy clothes for need, we buy for some version of ourselves we want to feel like.

For people here especially those who shop online a lot, do you buy clothes based on actual use or based on the mood/look you want wnd how do you stop yourself from buying things that only make sense in your head?",2026-07-03T23:02:29.000Z,86,,https://reddit.com/r/IndianFashionAddicts/comments/1umsu9n/do_people_actually_buy_clothes_for_their_real/
reddit_post_1umi14p,reddit,IN,Inner_String_1361,,Need new websites for outfits!!,"Hey guys!!! I need some good websites like what the flex to buy cool outfits which are also genuine , good quality and trusted because myntra and ajio has become too basic.",2026-07-03T15:48:15.000Z,1,,https://reddit.com/r/IndianFashionAddicts/comments/1umi14p/need_new_websites_for_outfits/
reddit_post_1umh7lq,reddit,IN,Neat_Dimension3095,,Fryayyy office fit,"Jeans- h&amp;m , shoes - Reebok, top- myntra ",2026-07-03T15:16:56.000Z,65,,https://reddit.com/r/IndianFashionAddicts/comments/1umh7lq/fryayyy_office_fit/
reddit_post_1uklopj,reddit,IN,ExpertStress3368,,has anybody bought from love gen?,"basically the title, i want to know if anybody has bought jeans specifically from lovegen, i keep getting ads about them and they look pretty good and are on myntra so i'm wondering if their quality is good too and if they are worth investing in. also how good are they for tall people?",2026-07-01T13:26:32.000Z,2,,https://reddit.com/r/IndianFashionAddicts/comments/1uklopj/has_anybody_bought_from_love_gen/
reddit_comment_ozon3hf,reddit,IN,No-Armadillo-8429,,,So late to the convo thought but yeah i bought their staright wide leg low rise from myntra they are pretty good though,2026-07-25T14:04:38.000Z,3,,https://reddit.com/r/IndianFashionAddicts/comments/1uklopj/has_anybody_bought_from_love_gen/ozon3hf/
reddit_post_1ujnxh0,reddit,IN,holdmypizZaA,,freshers outfit,"burgundy top - savana  
white skort - myntra  
white heels - local market  
jewellery(bracelet, arm cuff, earrings, necklace) - savana",2026-06-30T12:32:39.000Z,108,,https://reddit.com/r/IndianFashionAddicts/comments/1ujnxh0/freshers_outfit/
reddit_post_1ujheci,reddit,IN,vinex_0,,"Tall girls where are you getting ur jeans from? (5'10"" to be specific)","Measurements thst fit me right 

Waist 32

Outseam 110cm

Inseam 79-80cm

😭Please help me find good jeans from myntra amazon or Flipkart or like suggest me some brand.
savana etc works too if they have good fitting length.",2026-06-30T06:33:35.000Z,1,,https://reddit.com/r/IndianFashionAddicts/comments/1ujheci/tall_girls_where_are_you_getting_ur_jeans_from/
reddit_post_1uizz52,reddit,IN,calm_monster,,Love the black and gold combination,The suit is pretty old - got it from myntra. ,2026-06-29T18:03:14.000Z,388,,https://reddit.com/r/IndianFashionAddicts/comments/1uizz52/love_the_black_and_gold_combination/
reddit_post_1ugymvw,reddit,IN,NAGA_0808,,Suggest me some formal outfits for my placement training sessions,"Hey guys,

Looking to recreate this style for placement training sessions. 

Budget: Shirt ₹1,000– 1200

trousers ₹1,000,

Shoes ₹500-600

Please suggest similar products with links from Myntra, Ajio, Amazon, etc.

Any brand is fine—Van Heusen, Louis Philippe, Allen Solly, Peter England, Blackberrys, Marks &amp; Spencer, or even lesser-known brands if they're good value.

If you've bought something recently, please drop the link (Amazon, Myntra, Ajio, Flipkart, brand websites—anything works).

Thanks in advance! 🙌",2026-06-27T09:54:29.000Z,1,,https://reddit.com/r/IndianFashionAddicts/comments/1ugymvw/suggest_me_some_formal_outfits_for_my_placement/
reddit_post_1ugxh9l,reddit,IN,zeenia-,,Myntra courier scam,"I got a call from this number - 084068 99689 and they had the entire details of my order. They said that my order was placed on hold in the warehouse as my payment (exact amount they knew) failed. I had to pay again in order to receive my order and the extra deducted amount will be refunded to me in my original payment account. Because I knew these kinds of scams were going on, I refused to pay and called them out. I even contacted myntra's customer care later and got to know there are absolutely no issues with my order. 

A lot of you might already be aware of this scam but in case you aren't PLEASE NEVER PAY OR SHARE THE OTP until the parcel is in your hands. Contact the customer care department and you can cross verify but please don't fall into such scams. 

Take care be safe! And if possible please mark this number as a scam on truecaller as for some reason it's not marked as scam yet - 084068 99689",2026-06-27T08:44:29.000Z,2,,https://reddit.com/r/IndianFashionAddicts/comments/1ugxh9l/myntra_courier_scam/
reddit_post_1ufbhm3,reddit,IN,Ok_Reaction_3084,,Birthday outfit suggestions,"Hey I am mid size 5’2 girl. I am looking for birthday dresses which are modest. If you know good website or brand please help me out.   
I tired myntra, savana, urbanic, ajio and other available shopping apps didn’t like much. I dont want florals or very shimmery finish.  ",2026-06-25T14:23:10.000Z,0,,https://reddit.com/r/IndianFashionAddicts/comments/1ufbhm3/birthday_outfit_suggestions/
reddit_post_1uf0z7s,reddit,IN,MansiA706,,Beach vacation dress ideas,"I am looking to purchase soem dresses for beach vacation.. please  can you advise soemthing from Myntra, flipkart etc.. ",2026-06-25T05:23:07.000Z,2,,https://reddit.com/r/IndianFashionAddicts/comments/1uf0z7s/beach_vacation_dress_ideas/
reddit_post_1ueyc5a,reddit,IN,_yourneighbour,,Didn't know saree would look good on me,"Tried saree for the first time and it actually looked good.

Saree- myntra ",2026-06-25T03:09:06.000Z,116,,https://reddit.com/r/IndianFashionAddicts/comments/1ueyc5a/didnt_know_saree_would_look_good_on_me/
reddit_post_1ue6xms,reddit,IN,powerpuff_girl1234,,Black trouser suggestions plz,"I have been on the lookout for a good black trousers for a while now and I’m tried already . I’m quite tall (5.8 ish) and the ones available in Myntra are like ankle length to me . 

Any recommendations for a good black trousers that I can pair with short kurtas and also with t shirts . I need them to be a bit long so that it reaches my ankle and doesn’t fade out on washing. Please help your girl out 😭",2026-06-24T07:43:03.000Z,4,,https://reddit.com/r/IndianFashionAddicts/comments/1ue6xms/black_trouser_suggestions_plz/
reddit_post_1udoz21,reddit,IN,bumblebeeeing,,"Bought This Lulu &amp; Sky Dress for a Night Event, but I'm Not Sure About the Color. Thoughts?","bought this dress because I really like the style and silhouette. The fit is good, and even though it's a little see-through, I still think it's a pretty dress overall.

My issue is the color. In the photos it looked like a different shade of red, but in person it's much more of a tomato red. I bought it for a night event, and the color is kind of putting me off even though I genuinely like everything else about the dress.

Unfortunately, returning it isn't an option anymore. Am I overthinking this? Would you still wear it for a night event, or would the color mismatch bother you too?

Dress: Lulu &amp; Sky (purchased from Myntra)

Size - S",2026-06-23T18:17:04.000Z,213,,https://reddit.com/r/IndianFashionAddicts/comments/1udoz21/bought_this_lulu_sky_dress_for_a_night_event_but/
reddit_comment_otdzo3x,reddit,IN,newbie117,,,"No wonder the rating is 3.7. The colour and fabric look nothing like the photo. This has happened to me before on Myntra though, so not exactly surprising.

Leave a bad rating for sure, if you don’t get a refund.",2026-06-23T19:43:15.000Z,10,,https://reddit.com/r/IndianFashionAddicts/comments/1udoz21/bought_this_lulu_sky_dress_for_a_night_event_but/otdzo3x/
reddit_comment_otdnuyy,reddit,IN,Btsarmy_abcdefghijk,,,Waittt why does it look soo bad.. 😞 especially the fabric??? It's.. giving cheap quality. Man i can't believe myntra is giving such products. Colour is too bright for your complexion I feel like wine red. Like shown in the image would actually suit you better.,2026-06-23T18:51:55.000Z,2,,https://reddit.com/r/IndianFashionAddicts/comments/1udoz21/bought_this_lulu_sky_dress_for_a_night_event_but/otdnuyy/
reddit_comment_otegiuc,reddit,IN,Educational-Ad1744,,,"Oof same happened with my gf when she ordered a top with sparkles but instead got a see through braa xD

This was same company lulu and sky but from a different site not myntra.

But we had a lot of fun with it 🌚

https://preview.redd.it/6kl3gbb1j39h1.jpeg?width=540&amp;format=pjpg&amp;auto=webp&amp;s=f7a1e20e285ee855581c6a8733238a6adad4e28e",2026-06-23T20:57:16.000Z,-1,,https://reddit.com/r/IndianFashionAddicts/comments/1udoz21/bought_this_lulu_sky_dress_for_a_night_event_but/otegiuc/
reddit_comment_otgdz32,reddit,IN,AngryLilMithi06,,,"Recently I wore this dress and received many compliments. It looked exactly like the picture provided on site. I was satisfied with the quality and the color and the length plus it wasn't see through !

The dress is from BEBE shoulder straps sequin bodycon dress.

I wore it with a palazzo, both are available on myntra . I'm attaching the images , you can wear only the dress or like a short kurti on palazzo like indo-western fusion. And yes, both are of same color(palazzo is lighter irl)and both are looking harmonious together .

https://preview.redd.it/3m7yrupra59h1.jpeg?width=4096&amp;format=pjpg&amp;auto=webp&amp;s=0017e7a3b2587ddbab8d84848d8cf20f66d88f4d",2026-06-24T02:54:31.000Z,1,,https://reddit.com/r/IndianFashionAddicts/comments/1udoz21/bought_this_lulu_sky_dress_for_a_night_event_but/otgdz32/
reddit_post_1ucdg55,reddit,IN,loner_who_writes,,Struggling to Find Genuine High Waist Baggy Jeans,"Looking for genuinely baggy high-waist jeans and honestly struggling to find the right fit.Most of the styles I’ve tried end up looking more fitted than expected, so I’d really appreciate suggestions that actually have a relaxed, loose silhouette especially something that works well for a curvier body type 😭 If anyone has recommendations from Myntra, Amazon, or Flipkart (or any reliable brand that delivers true baggy fits), please share. I really need something that fits the way it’s supposed to 😭😭",2026-06-22T07:03:55.000Z,2,,https://reddit.com/r/IndianFashionAddicts/comments/1ucdg55/struggling_to_find_genuine_high_waist_baggy_jeans/
reddit_post_1uaxaq6,reddit,IN,Adventurous_Steak521,,Fitting room pics ftw.,"Kept it simple, but I think it works. 

&amp;#x200B;

Tshirt is from myntra, jeans are thrifted, shoes are converse, and watch is from casio. ",2026-06-20T13:57:45.000Z,98,,https://reddit.com/r/IndianFashionAddicts/comments/1uaxaq6/fitting_room_pics_ftw/
reddit_post_1uapou0,reddit,IN,Altruistic-Growth930,,Another cutesy OOTD ☺️,"Outfit details: Top, skirt: Myntra, Sneakers: Adidas

&amp;#x200B;

Took the pics after travelling so sorry for the wrinkles 🥲 ",2026-06-20T06:53:49.000Z,0,,https://reddit.com/r/IndianFashionAddicts/comments/1uapou0/another_cutesy_ootd/
reddit_post_1uap6mr,reddit,IN,calm_monster,,Work fits (non corporate 🎀),"I used to be in a corporate job for 6 years but I quit a few years ago to build something of my own and be my own boss. It's been such a journey to learn a craft, do it every day to get better at it, build a studio space from scratch and run it all on my own. It has been full of ups and downs but I wouldn't have it any other way. I tried to make my little studio as cozy, warm and inviting as I could and I feel so creative working here, I get happily lost with some music or a podcast in the background working with my hands in flow state. I also love that I can wear whatever I want and make anything I can imagine. Makes me feel like a magician 🪄 Sorry about the random ramble but some people had questions the last time I posted, thought I'd clarify. I also just love documenting life and sharing my thoughts which is why I love to post here on reddit!

&amp;#x200B;

The first dress is five years old which I happened to find while cleaning my closet - i think I got it from myntra. The blue top is from ajio.",2026-06-20T06:23:34.000Z,628,,https://reddit.com/r/IndianFashionAddicts/comments/1uap6mr/work_fits_non_corporate/
reddit_post_1u8uisb,reddit,IN,Careless-Bird3096,,Been 1 year since I stopped using insta so posting hwre,"Top from savana

Jeans from Westside

Bag and heels from myntra

Location kyma hyderabad ",2026-06-18T02:50:48.000Z,130,,https://reddit.com/r/IndianFashionAddicts/comments/1u8uisb/been_1_year_since_i_stopped_using_insta_so/
reddit_post_1u8idgs,reddit,IN,Charminglily19,,H&amp;M Member sale accessssssssss!!!!!!!!,"Sale's on!!! Got few items last midnight, prices were too good!  
( Few were better than Myntra EORS, few not tbh!)  
I somehow missed Myntra, so its a steallll... prices are a bit up already in a day!",2026-06-17T18:29:35.000Z,24,,https://reddit.com/r/IndianFashionAddicts/comments/1u8idgs/hm_member_sale_accessssssssss/
reddit_post_1u84hsg,reddit,IN,Adventurous_Steak521,,"Golden hour stuff. A little basic, but chalta hai.","Shirt and cargos are both from myntra, shoes are nike AJ1 mids, watch is from Fastrack.",2026-06-17T08:36:20.000Z,152,,https://reddit.com/r/IndianFashionAddicts/comments/1u84hsg/golden_hour_stuff_a_little_basic_but_chalta_hai/
reddit_post_1u7p64a,reddit,IN,GoldBatter,,Suggest affordable pleated trousers for men,"Hi, I've been looking into getting a black pleated trouser to dress up my polos and tshirts. My budget is around 2k. Considering the Myntra sale, which brands would be best in this range?",2026-06-16T20:27:47.000Z,1,,https://reddit.com/r/IndianFashionAddicts/comments/1u7p64a/suggest_affordable_pleated_trousers_for_men/
reddit_post_1ozjo8l,reddit,IN,mihikitty,,"Art Mumbai, 2025.","Shirt - Elder sister's 

Trousers - Tokyo Talkies 

Corset - Myntra 

Harness - Amazon 

Accessories - some are real, some are from this site called momentane jewels. ",2025-11-17T15:45:52.000Z,7334,,https://reddit.com/r/IndianFashionAddicts/comments/1ozjo8l/art_mumbai_2025/
reddit_post_1m074yh,reddit,IN,Spicy-littichokha,,My few office fits; Open to feedback and styling tips,"Hey all I have been documenting my office outfits over the last couple of months and wanted to share some of my favorite looks here. 
The vibe is mostly casual and comfortable enough for long days.
Always looking to refine my style so feel free to drop any suggestions, favorite pieces or brands you swear by. Appreciate any feedback .

Outfit details Trousers: H&amp;M, Zara Tops: Mostly
H&amp;M, Zara, Myntra Belt: H&amp;M Shoes: H&amp;M, Van Heusen, Lavie, Westside",2025-07-15T03:22:34.000Z,5451,,https://reddit.com/r/IndianFashionAddicts/comments/1m074yh/my_few_office_fits_open_to_feedback_and_styling/
reddit_comment_n385hi6,reddit,IN,howhigh_26,,,"The office look is so good and vibrant. Kudos to your dressing style.

You may try the following type of sandals, to replace the footwear in image 3,9,15,17,18 &amp; please replace the chappals in 10 &amp; 12 (not at all office wear types).

1. [https://www.myntra.com/flats/carlton+london/carlton-london-embellished-open-toe-t-strap-flats/26814172/buy](https://www.myntra.com/flats/carlton+london/carlton-london-embellished-open-toe-t-strap-flats/26814172/buy)

2. [https://www.birkenstock.in/collections/women-mayari-sandals/products/mayari-core-birkoflor-0-eva-w](https://www.birkenstock.in/collections/women-mayari-sandals/products/mayari-core-birkoflor-0-eva-w)",2025-07-15T08:14:40.000Z,3,,https://reddit.com/r/IndianFashionAddicts/comments/1m074yh/my_few_office_fits_open_to_feedback_and_styling/n385hi6/
reddit_post_1ilyf5p,reddit,IN,snitch_in_time,,My first Goan wedding outfit,"Dress: https://www.myntra.com/mailers/dress/aayu/aayu-v-neck-flutter-sleeves-cut-outs-a-line-midi-dress/29830812/buy?utm_source=social_share_pdp&amp;utm_medium=deeplink&amp;utm_campaign=social_share_pdp_deeplink
Bracelet: https://www.meesho.com/s/p/2g0oet?utm_source=si
Neck piece: https://www.meesho.com/s/p/2406vx?utm_source=si
Earrings: https://www.meesho.com/s/p/2dz82i?utm_source=si
Shoes: Clarks Leather Open Toe Block Heels https://www.myntra.com/mailers/shoes/clarks/clarks-leather-open-toe-block-heels/27870118/buy?utm_source=social_share_pdp&amp;utm_medium=deeplink&amp;utm_campaign=social_share_pdp_deeplink",2025-02-10T05:01:18.000Z,4247,,https://reddit.com/r/IndianFashionAddicts/comments/1ilyf5p/my_first_goan_wedding_outfit/
reddit_post_1mkm911,reddit,IN,Spicy-littichokha,,"Part 2 of my office outfits ,  added indian vibes this time","Sharing my office fits part two! Was unwell so mostly worked from home, and on office days I just went with whatever felt comfortable. Took your advice from the last post and added Indian wear this time too.

outfit details: h&amp;m, zara, zudio, myntra, tata cliq
belt: h&amp;m
sandals: westside
earrings: local stores

any recos or styling tips are always welcome — and feel free to leave your honest opinion. it will only help me make it even better :)

P.S- deleted my previous post because forgot to hide id in one of the photos. ",2025-08-08T04:56:01.000Z,3799,,https://reddit.com/r/IndianFashionAddicts/comments/1mkm911/part_2_of_my_office_outfits_added_indian_vibes/
reddit_post_1tiq7yl,reddit,IN,Spicy-littichokha,,Long time no see… work outfits part 4,"Sharing my work outfit again ☺️

Posted only 16 outfits this time because my client allowed WFH for this month due to the extra workload, and I honestly did not want to waste time travelling 😭

But I really miss getting ready for work 🥲

Outfit details: Zara, H&amp;M, Westside  
Heels: Zara, Westside

Would love your suggestions or any improvements for future outfits♥️

Edit :  
Hope this helps, as I am unable to reply to each lovely comment ♥️

Outfit deets

1st outfit  
Denim top - westside  
Skirt - zara( almost 8 yrs old)  
Heels - westside

2nd outfit  
Top - westside  
Trouser - H&amp;M (search for burgundy trousers)  
Blazer - thrifted

3rd outfit  
Top - H&amp;M  
Culottes - Zara  
Heels - westside j

4th outfit  
Top - H&amp;M  
Trouser - westside  
Blazer - thrifted  
Heels - westside

5th outfit  
Sweater - H&amp;M  
Wide legged jeans - H&amp;M  
Heel - westside

6th outfit  
Top , trouser , sweater - H&amp;M  
Heels - westside

7th outfit  
Top - H&amp;M  
Jeans - levis  
Jacket - too old to remember ( most probably from Sarojini market)  
Shoes - Puma

8th outfit  
Shirt - Zara  
Trouser - H&amp;M  
Heel - Myntra ( Allen solly)

9th outfit  
Dress - zara ( more that 10 yrs old)  
Heel - Myntra ( Lavie)

10th outfit  
Top - H&amp;M  
Trouser &amp; Heels - westside

11th outfit  
Top - H&amp;M  
Culottes- zara  
Heels- westside

12th outfit  
Sweater - Savanna  
Culottes - zara  
Heels - westside

13th &amp; 14th outfit  
Top &amp; trouser - H&amp;M  
Heels - westside

15th outfit  
Top - H&amp;M  
Culottes - zara  
Heels - westside

16th outfit  
Top - H&amp;M  
Culottes - Zara  
Heels - westside

17th outfit  
Top - westside  
Culottes - zara  
Heels - myntra (lavie)",2026-05-20T16:06:57.000Z,2886,,https://reddit.com/r/IndianFashionAddicts/comments/1tiq7yl/long_time_no_see_work_outfits_part_4/
reddit_post_1p360mg,reddit,IN,babayum6969,,fits i wore recently✨,"outfit details: 

1) top and jeans from myntra, heels from a local store, earrings from shein (bought YEARS ago when it was available in India) 

2) top and shorts from myntra, heels from london rag on nykaa, bag from a local store 

3) and 4) dress from cider on nykaa (bouquet was a gift lol, the only photo i had of the front of the dress) 

5) dress from h&amp;m, jacket from a local leather shop, stockings from amazon and boots i got from Jaipur 

6) and 7) dress from evayoung, heels from a local store, bag from level99, rings from nykaa 
",2025-11-21T18:16:32.000Z,2238,,https://reddit.com/r/IndianFashionAddicts/comments/1p360mg/fits_i_wore_recently/
reddit_post_1gsnkk5,reddit,IN,butterboob_,,"Wore This for My Birthday, Would Love Your Feedback!","Bodysuit from Myntra 

Jeans from Westside ",2024-11-16T13:45:06.000Z,2075,,https://reddit.com/r/IndianFashionAddicts/comments/1gsnkk5/wore_this_for_my_birthday_would_love_your_feedback/
reddit_post_1k0h70q,reddit,IN,Long-Lab1903,,Recent outfits I wore to office,"1. Kurta: Myntra, jeans: Rajauri Market, footwear :
westside
2. Kurta: Myntra, jeans: Rajauri Market, footwear :
westside
3. Top and pants : Insense
4. Kurta set: Myntra, footwear : westside",2025-04-16T10:34:13.000Z,2035,,https://reddit.com/r/IndianFashionAddicts/comments/1k0h70q/recent_outfits_i_wore_to_office/
reddit_comment_mnqjm1o,reddit,IN,RepresentativeMonk46,,,2nd black kurta myntra link pls,2025-04-18T10:35:24.000Z,1,,https://reddit.com/r/IndianFashionAddicts/comments/1k0h70q/recent_outfits_i_wore_to_office/mnqjm1o/
reddit_comment_mnqnja5,reddit,IN,Long-Lab1903,,,Indo Era Ethnic Motifs Embroidered Thread Work Kurta https://www.myntra.com/mailers/topwear/indo-era/indo-era-ethnic-motifs-embroidered-thread-work-kurta/32204544/buy?utm_source=social_share_pdp&amp;utm_medium=deeplink&amp;utm_campaign=social_share_pdp_deeplink,2025-04-18T11:09:17.000Z,2,,https://reddit.com/r/IndianFashionAddicts/comments/1k0h70q/recent_outfits_i_wore_to_office/mnqnja5/
reddit_comment_mnjy77i,reddit,IN,Fresh_Radio_6364,,,"all outfits look very good...comfy, relaxed yet elegant. You have a nice dress sense. 

  
I could wear chikankari everyday :) How are the chikan kurtas from Myntra? what brand?",2025-04-17T08:52:55.000Z,1,,https://reddit.com/r/IndianFashionAddicts/comments/1k0h70q/recent_outfits_i_wore_to_office/mnjy77i/
reddit_post_1s8nbmm,reddit,IN,syuzay,,A series of office outfits 🧑🏻‍💼💼 pt. 2,"I don't have all the links, as I bought most of these clothes offline.



Here are the available links &gt;&gt; [Timex Watch](https://www.myntra.com/28942972?skuId=93000638&amp;sellerPartnerId=20878&amp;orderDate=1748575703000&amp;orderId=5491057135&amp;productName=Timex%20Round%2021mm%20Blue%20Dial%20Analog%20Men%20Watch%20-%20TWEG185SMU07&amp;itemId=10486029886&amp;orderStatusName=Delivered&amp;deliveredDate=1748942520000&amp;size=Onesize), [WROGN Navy Trousers](https://www.myntra.com/26924270?skuId=86797842&amp;sellerPartnerId=23026&amp;orderDate=1738718092000&amp;orderId=5391731832&amp;productName=WROGN%20Men%20Tapered%20Fit%20Regular%20Trouser&amp;itemId=10307021225&amp;orderStatusName=Delivered&amp;deliveredDate=1738997886000&amp;size=34), [Highlander White Bootcut Jeans](https://www.myntra.com/16566750?skuId=51978026&amp;sellerPartnerId=4214&amp;orderDate=1738330343000&amp;orderId=5388266703&amp;productName=HIGHLANDER%20Men%20White%20Bootcut%20Low%20Distress%20Stretchable%20Jeans&amp;itemId=10300957264&amp;orderStatusName=Delivered&amp;deliveredDate=1738395810000&amp;size=34), [TIGC X Luxe Blue Shirt](https://www.myntra.com/30603527?skuId=98420533&amp;sellerPartnerId=4036&amp;orderDate=1738330343000&amp;orderId=5388266703&amp;productName=The%20Indian%20Garage%20Co.%20X%20Luxe%20Men%20Spread%20Collar%20Striped%20Slim%20Fit%20Formal%20Shirt&amp;itemId=10300957260&amp;orderStatusName=Delivered&amp;deliveredDate=1738395810000&amp;size=40), [Pink Shirt - English Navy](https://www.myntra.com/13209138?skuId=45607690&amp;sellerPartnerId=10716&amp;orderDate=1738330343000&amp;orderId=5388266703&amp;productName=English%20Navy%20Men%20Pink%20Slim%20Fit%20Solid%20Formal%20Shirt&amp;itemId=10300957258&amp;orderStatusName=Delivered&amp;deliveredDate=1738741928000&amp;size=40), [Byford Grey shirt](https://www.myntra.com/28484474?skuId=91522708&amp;sellerPartnerId=10226&amp;orderDate=1738330343000&amp;orderId=5388266703&amp;productName=BYFORD%20by%20Pantaloons%20Slim%20Fit%20Formal%20Shirt&amp;itemId=10300957256&amp;orderStatusName=Delivered&amp;deliveredDate=1738486384000&amp;size=40)



Feel free to drop reviews / your thoughts!",2026-03-31T13:23:26.000Z,1999,,https://reddit.com/r/IndianFashionAddicts/comments/1s8nbmm/a_series_of_office_outfits_pt_2/
reddit_post_1fbfp79,reddit,IN,Sweet_Two3785,,Wore this on my date,"Dress:- Sarojini nagar market 
Anklet:- Janpath market (Gujrati lane)
Footwear:- Myntra 
 Kept it lowkey…any styling suggestions are welcome ",2024-09-07T19:57:43.000Z,1838,,https://reddit.com/r/IndianFashionAddicts/comments/1fbfp79/wore_this_on_my_date/
reddit_post_1mbf3ik,reddit,IN,loveeesmakeup,,your avg clubbing outfit,"Dress - Myntra 

Bag - Myntra 

Bracelet - Janpath Market 

(i ll provide the dress and bag links in case someone asks for it) ",2025-07-28T12:41:11.000Z,1503,,https://reddit.com/r/IndianFashionAddicts/comments/1mbf3ik/your_avg_clubbing_outfit/
reddit_post_1neyslf,reddit,IN,mikasa_jeagerE,,Wore this for demon slayer movie,"Shirt is from - Comic sense
Lace top - Myntra
Skirt - Sports direct
Shoes - H&amp;M
Knee high socks - Amazon",2025-09-12T09:40:39.000Z,1394,,https://reddit.com/r/IndianFashionAddicts/comments/1neyslf/wore_this_for_demon_slayer_movie/
reddit_post_1lb79yb,reddit,IN,National-Sea8095,,does this go altogether?,"Am not sure if this outfit looks flattering or not? any other way i can style the vest?


Outfit details: white top- hm, vest- trendyol (myntra), black trousers- hm",2025-06-14T12:13:49.000Z,1304,,https://reddit.com/r/IndianFashionAddicts/comments/1lb79yb/does_this_go_altogether/
reddit_post_1fjrdw1,reddit,IN,Loveguru_9,,Blaze of the sun ☀️,"Just a random day in college with a semi-traditional fit!! 

Top from streets
Skirt from myntra 
Jewelry from ambience vasant kunj and janpath",2024-09-18T12:19:00.000Z,1257,,https://reddit.com/r/IndianFashionAddicts/comments/1fjrdw1/blaze_of_the_sun/
reddit_post_1mmkk0l,reddit,IN,Weekly-Two-6391,,A Girls day out,Outfit details: Top and pants from Myntra.,2025-08-10T14:51:55.000Z,1244,,https://reddit.com/r/IndianFashionAddicts/comments/1mmkk0l/a_girls_day_out/
reddit_post_1ln5xfb,reddit,IN,snitch_in_time,,How to avoid crepe dresses like these from constantly creasing?,"Dress: https://www.myntra.com/mailers/dress/u&amp;f/u&amp;f-puff-sleeves-crepe-a-line-dress/15230828/buy?utm_source=social_share_pdp&amp;utm_medium=deeplink&amp;utm_campaign=social_share_pdp_deeplink
Shoes: https://www.myntra.com/mailers/shoes/elle/elle-gold-toned-solid-block-heels-with-bow-detail/17294574/buy?utm_source=social_share_pdp&amp;utm_medium=deeplink&amp;utm_campaign=social_share_pdp_deeplink
Earrings: https://www.liliorigin.com/products/small-tube-earring?variant=40492606783575
Watch: Rado 
",2025-06-29T04:26:23.000Z,1210,,https://reddit.com/r/IndianFashionAddicts/comments/1ln5xfb/how_to_avoid_crepe_dresses_like_these_from/
reddit_comment_n0jpke1,reddit,IN,Funny-Significance38,,,"Crepe is actually the cheapest material available, it is often used for lining. If you like wearing dresses multiple times, it's well worth it to invest in better quality materials. Myntra's fast fashion pieces are often made with such materials, hence they are so affordable

Edit: omg the link shows Rs.1899, you paid 1899 for a crepe dress? 🥲",2025-06-30T08:58:53.000Z,1,,https://reddit.com/r/IndianFashionAddicts/comments/1ln5xfb/how_to_avoid_crepe_dresses_like_these_from/n0jpke1/
reddit_post_1g6gjtb,reddit,IN,Complete-Musician-38,,Wore this to a cafe recently.,"How did I do guys? Open to suggestions.

Saree and bag- Both bought from Myntra",2024-10-18T12:11:53.000Z,1126,,https://reddit.com/r/IndianFashionAddicts/comments/1g6gjtb/wore_this_to_a_cafe_recently/
reddit_post_1hh7m97,reddit,IN,shrvti_,,Wore this at a concert,"Sleeve - Urbanic
Bra - Hunkemöller
Skort - Urbanic
Chains - Urbanic
Boots - Myntra

Also wearing fishnets layered with ripped sheer stockings.

I love bringing my boldest outfits to life at music festivals. I’m going to a winter techno concert soon. Any recommendations to keep warm but look hot at the same time? ",2024-12-18T18:06:45.000Z,1108,,https://reddit.com/r/IndianFashionAddicts/comments/1hh7m97/wore_this_at_a_concert/
reddit_post_1pbb035,reddit,IN,Either-Meow,,Girls date night fit! 🎀,"The satin dress is from the brand- Rao the label.        
Bracelet from Myntra ",2025-12-01T12:02:40.000Z,1105,,https://reddit.com/r/IndianFashionAddicts/comments/1pbb035/girls_date_night_fit/
reddit_post_1u59dhm,reddit,IN,Entire_Row3043,,Outfit of the Day,"Used ai to improve the background of the second image

Top - Savana  
Jeans- Myntra   
Trousers in the second image from Savana",2026-06-14T02:47:07.000Z,1030,,https://reddit.com/r/IndianFashionAddicts/comments/1u59dhm/outfit_of_the_day/
reddit_post_1irjbaz,reddit,IN,Luna_TheFish,,Date fit. Good or can do better?,"Any suggestions? 🌸
Saree: Amazon, Heels: Myntra, Earrings: Amazon
Blouse: sourced from a local store ",2025-02-17T13:01:44.000Z,1035,,https://reddit.com/r/IndianFashionAddicts/comments/1irjbaz/date_fit_good_or_can_do_better/
reddit_post_1kuj8jo,reddit,IN,loveeesmakeup,,cute day fit :),"Top - Myntra 

Skirt - Local Market 


P.s - I know I could pair this up w some accessories but I forgot to bring them w me :) ",2025-05-24T19:05:55.000Z,969,,https://reddit.com/r/IndianFashionAddicts/comments/1kuj8jo/cute_day_fit/
reddit_post_1mih19a,reddit,IN,Affectionate_Hand760,,Office party fit check,"Outfit details: Myntra 
Heels: SSS",2025-08-05T18:23:24.000Z,965,,https://reddit.com/r/IndianFashionAddicts/comments/1mih19a/office_party_fit_check/
reddit_post_1idm2pb,reddit,IN,Sufficient26,,Goa-Andaman night outfits for,"1. Skorts and top: Myntra. Skorts got many compliments 
2. Brown Dress: Savana (Urbanic), Bag: steve Madden, Heels: local market
3. Blue dress: Nykaa
4.Black Leather shorts and top: Myntra
",2025-01-30T12:41:07.000Z,861,,https://reddit.com/r/IndianFashionAddicts/comments/1idm2pb/goaandaman_night_outfits_for/
reddit_post_1jin6k6,reddit,IN,bob-da-builer,,kept it v simple :),"outfit details:
Top: Savana | Jeans: H&amp;M | Watch: Myntra | Pendant: Palmonas",2025-03-24T10:06:21.000Z,861,,https://reddit.com/r/IndianFashionAddicts/comments/1jin6k6/kept_it_v_simple/
reddit_post_1qs3wmb,reddit,IN,babayum6969,,concert outfits,"1) top and stockings from amazon, belt from myntra and boots from a local market 

2) skirt from myntra, boots and top from local market",2026-01-31T14:34:15.000Z,850,,https://reddit.com/r/IndianFashionAddicts/comments/1qs3wmb/concert_outfits/
reddit_post_1h87s5k,reddit,IN,groupiedagger,,"College function, and this is my outfit. Does it work, or should I switch it up? Open to tips!","Found this top randomly on Myntra, the name was Lulu &amp; Sky, paired it with a denim skirt from Forever 21, and a scarf from Max!",2024-12-06T18:14:10.000Z,847,,https://reddit.com/r/IndianFashionAddicts/comments/1h87s5k/college_function_and_this_is_my_outfit_does_it/
reddit_post_1fbre0i,reddit,IN,AKAPagodo,,Love these two sarees that I wore to my school friend's wedding. ✨,"Recently attended one of my dear school friend's wedding, and wore these two sarees among other outfits. 💖

Since I don't attend/ get invited to a lot of weddings, and hence don't have many (or for that matter, any) wedding outfits. Had to go on a super last minute hunt to Chandini Chowk for outfits because of a few unrelated unforseen circumstances. Ofc, lehenga wasn't an option since it could have required additional fitting. I bought these sarees at ₹1200-1500 each, which I thought was a great deal since not only were these in my budget, but wayyy below the expected cost I had in my mind (also had to shop alone with not much prior shaadi-shopping experience). Was vvvv happy with my purchases because the sarees looked elegant, but wedding appropriate gorgeous, and in colours that flattered my skin undertone..

I also found appropriate shoes at a great discount Myntra. Didn't have to worry about getting a blouse stitched because I wore a shein bralette, which matche'd perfectly with both the sarees (I had strategically kept the bralette's colour in mind while buying both sarees). The petticoats for my saree was satin, and a great match for their respective sarees (I had to visit my hometown for some reason during all this, so I unexpectedly stumbled upon an awesome store selling cheap petticoats of great quality, bought it for ₹250). Thankfully had some appropriate jewellery at home. The green pendant was a bridesmaids gift from my friend there, so I included it. Overall, the odds were totally in my favour thoroughout, and there was no outfit-related stress thoughout. 😭✨

• Shoes: Mochi, Myntra
• Bag: Guess
• Jewellery: Gift; Yellow Chimes; Dilli Haat
• Satin Petticoat: Shop in Cuttack
• Blouse/Bralette: Shein
• Sarees: Some Gali in Chandini Chowk",2024-09-08T06:29:00.000Z,839,,https://reddit.com/r/IndianFashionAddicts/comments/1fbre0i/love_these_two_sarees_that_i_wore_to_my_school/
reddit_post_1n9pur7,reddit,IN,UndieOnCeilingFan,,My Vietnam travel fits 🛥️  Which one’s the winner?,"Outfit 1: thrifted white shirt + black shorts + air jordan triple white

Outfit 2: Highlander polo + Uniqlo trousers + sling bag from myntra + blet (myntra) + nike mochas 

Outfit 3: thrifted blue shirt + Uniqlo trousers + air jordan triple white",2025-09-06T04:00:32.000Z,797,,https://reddit.com/r/IndianFashionAddicts/comments/1n9pur7/my_vietnam_travel_fits_which_ones_the_winner/
reddit_post_1ny1bhn,reddit,IN,Mountain_weird_owl,,Birthday Brunch fit💕🎀,"
Dress is from Savana.
heels from Myntra",2025-10-04T18:18:43.000Z,799,,https://reddit.com/r/IndianFashionAddicts/comments/1ny1bhn/birthday_brunch_fit/
reddit_post_1t5a27h,reddit,IN,calm_monster,,Fit check for a movie,"Top is h&amp;m, skirt is from myntra, bag is guess, flats from a local store. ",2026-05-06T11:27:26.000Z,788,,https://reddit.com/r/IndianFashionAddicts/comments/1t5a27h/fit_check_for_a_movie/
reddit_comment_okbrxpb,reddit,IN,Different_dick,,,"H&amp;M top, Myntra skirt, Guess bag... it’s like you walked into a mall and said 'give me the most generic outfit possible.' 💀 There is zero personality here, just a collection of corporate logos. Calling this a 'fit check' is a reach when it’s actually just a 'I have a credit card' check.",2026-05-06T21:02:04.000Z,-1,,https://reddit.com/r/IndianFashionAddicts/comments/1t5a27h/fit_check_for_a_movie/okbrxpb/
reddit_post_1m3b7it,reddit,IN,Affectionate_Hand760,,Does this skirt match the location?,"Outfit details: Myntra

This skirt looked out of this world.",2025-07-18T19:13:20.000Z,770,,https://reddit.com/r/IndianFashionAddicts/comments/1m3b7it/does_this_skirt_match_the_location/
reddit_post_1hekknk,reddit,IN,BabaNaga_,,A girl said to me I dressed like an uncle? I'm feeling too low since that? Am i dressed like that?,"Jeans - Levis Straight fit
Shirt :-  Thrifted
Shoes :-  From Myntra ",2024-12-15T04:09:03.000Z,770,,https://reddit.com/r/IndianFashionAddicts/comments/1hekknk/a_girl_said_to_me_i_dressed_like_an_uncle_im/
reddit_post_1mklydh,reddit,IN,Holiday_Garden_4272,,More office fit checks 💅🏻,"Okay so I honestly dk why my last office fit check got so much unwanted hate I can’t understand why?? lol this is regarding my last post in the red dress.

For those curious I’m an HR Manager with 5 years of corporate experience and yes I go to an actual office. I have zero issues buying what I like whether it’s from a local street market or a fancy showroom.

If men can wear the same two shirts to work and be called professional then women can wear colour, bodycon or whatever makes them feel confident. Just an example guys (ab koi ispe bhi offend mat ho jana!!) and also in my last post even women were targeting me girl you were supposed to take the stand?😭😂

I guess clothes don’t determine professionalism, competence does? Also to be clear that red dress post was literally me just trying it on in my room not even wearing it to work. I just asked for styling suggestions. I’m barely active here I post and forget so why make it an issue? 😭

And for those annoying ass kids if you think this is karma farming thanks for the free engagement. You’re literally paying my post in attention.

Now here’s more office fits you might just survive seeing hehe 💅

1st fit : Top is from h&amp;m, jeans is from myntra
2nd fit: Blazer is thrifted, Top is from myntra and pants from zara",2025-08-08T04:40:00.000Z,752,,https://reddit.com/r/IndianFashionAddicts/comments/1mklydh/more_office_fit_checks/
reddit_post_1dpt2ns,reddit,IN,SoVidushiUnofficial,,"6 outfits from my family trip to Manali and Chandigarh, check description for all details. Lmk your fav :)","Outfit 2 &amp; 3 (pic 3 &amp; 4) are from Chandigarh, while others are from Manali hence a little warmer. Added collage pics because mirror selfies didn't have clarity for those outfits and I wanted to show off my accessories :)

🛍📜

-Top from Bombay Paisley got from Westside, fleece leggings from Dunberry London ordered via Myntra, white sneakers are crocs, creme sandals from Bata, flower earring from vmaplayfashion on fk

-grey shoes decathlon 

- black pants from sassafras but the material smells weird, wouldn't recommend. Black heels from Sherrif Shoes, ordered from Myntra. 

- Donut sweater from Sugarcandy 

-White top from westside, brown corduroy pants from H&amp;M 

Things I haven't mentioned are either secondhand or gifts, but you can ask in comments if you are curious about anything just in case I forgot

(reposting because I didn't blur the bg faces the first time, mods told me to repost)",2024-06-27T14:47:52.000Z,750,,https://reddit.com/r/IndianFashionAddicts/comments/1dpt2ns/6_outfits_from_my_family_trip_to_manali_and/
reddit_post_1q1zv04,reddit,IN,Luna_TheFish,,New Year Party Fit. Yes or NOOO 🫨,"Dress: Missmuse, Bracelet: Myntra, Bag: Victoria's Secret, Heels: Rosso Brunello, Over coat which is in the hands: Eddie Lau ",2026-01-02T14:22:55.000Z,730,,https://reddit.com/r/IndianFashionAddicts/comments/1q1zv04/new_year_party_fit_yes_or_nooo/
reddit_post_1hzmzmz,reddit,IN,AKAPagodo,,Outdoor birthday fit that gave me a fever since I was underdressed. 💀,"White Pullover: H&amp;M
Polka Dot Dress: Myntra",2025-01-12T13:46:16.000Z,719,,https://reddit.com/r/IndianFashionAddicts/comments/1hzmzmz/outdoor_birthday_fit_that_gave_me_a_fever_since_i/
reddit_post_1owa00w,reddit,IN,Mountain_weird_owl,,Call me Steve Jobs,"Top: H&amp;M
Skirt: Myntra
Boots: Myntra",2025-11-13T19:11:24.000Z,720,,https://reddit.com/r/IndianFashionAddicts/comments/1owa00w/call_me_steve_jobs/
reddit_post_1gihu9h,reddit,IN,AKAPagodo,," I've really been into looking ""old-fashioned"" these days, can somebody help me pin point which era of fashion this style belongs to? I feel like it is closest to the 60s, or maybe the 80s.","Hyperfixated on wearing muted colours, mid-length skirts, since I've really been into looking ""old-fashioned"" these days.

My friend tried to dissuade me from buying this skirt, since it looked like ""grandma style"", but that was specifically why I bought this lol (it definitely was a great find, altho the waist is a little loose on me which is ok since that is easily fixable).
The top fits like a glove, altho it develops 'jhol' (what is the word for jhol in english, btw?) at certain spots, since it is not stretchy for some reason despite being rib knit. It is in one of my favourite colours, hence my hyperfixation top lol.
The belt is medium chunky, and altho it was being sold to men, I don't think belts have a gender like that, and it was exactly what I wanted. I wanted brassy tones, for a muted, old fashioned look.
Tote bag was a great find online, and looks more premium than it is since it is matte. It is pretty much exactly what I wanted for a much much lower price than Mango and H&amp;M, and if it ever falls apart, I would buy the same piece again. Very spacious too. ✨

• Paisley Printed Skirt: ₹100, thrifted
• Olive Rib Knit Top: Myntra
• Black PU Tote Bag: under ₹100, Meesho
• Amethyst Earrings: ₹300, craft mela
• Leather Belt: under ₹1000, Amazon",2024-11-03T07:47:45.000Z,718,,https://reddit.com/r/IndianFashionAddicts/comments/1gihu9h/ive_really_been_into_looking_oldfashioned_these/
reddit_comment_lzpjq1b,reddit,IN,SadBit4352,,,Can you please give link of this top? I love it. Can't find it on myntra tho 😭😭,2024-11-30T13:26:06.000Z,1,,https://reddit.com/r/IndianFashionAddicts/comments/1gihu9h/ive_really_been_into_looking_oldfashioned_these/lzpjq1b/
reddit_post_1prahd5,reddit,IN,The_distressed_doc,,Some winter fits lately,"Outfit 1: Leather jacket and skirt: thrifted. Boots: Myntra. Top: H&amp;m.

Outfit 2: Top: Westside. Jeans: Gap. Purse: Aldo. 

Outfit 3: sweater and jeans: roadster. Shoes: Puma. Scarf: mom's♥️ purse: Steve Madden

Outfit 4: sweater: Zudio, Jeans: roadster. Scarf and shoes: mom's♥️",2025-12-20T09:30:07.000Z,712,,https://reddit.com/r/IndianFashionAddicts/comments/1prahd5/some_winter_fits_lately/
reddit_comment_nv159ll,reddit,IN,influxofcoochie,,,Hey! Can you like the boots from myntra? They look great,2025-12-20T13:52:39.000Z,2,,https://reddit.com/r/IndianFashionAddicts/comments/1prahd5/some_winter_fits_lately/nv159ll/
reddit_post_1f9sy4u,reddit,IN,BriefAd3509,,Some of my this year's outfits! ,"
Wanted to share some of my outfits that are both ethnic and western. (yes, white is my absolute favorite color!) 

Pic 1- kurta set from vishal mega mart, watch from Timex and white ballerinas from a local shop in shimla 

Pic 2- kurta from ""samudrika"" in port blair, anandaman, ballerinas from Amazon 

Pic 3-  kurta from ""samudrika"" in port blair, andaman, handbag from van huesen, ballerinas from Amazon 

Pic 4- kurta set from Amazon 

Pic 5- kaftan from myntra 

Pic 6- kurta set by kushal K from myntra, ballerinas from Amazon 

Pic 7- kurta by libas 

Pic 8- ponchu from a local store in shimla, jeans by Levi's, shoes by woodland

Pic 9- tshirt from vishal mega mart, jeans by levis and shrug from myntra 

Pic 10- sweater from VK thapar, tshirt and jeans by Levi's, bag is from pantaloons

Pic 11- tshirt and jeans by Levi's, smartwatch by timex, paired it with puma white sneakers but this is a before pic 😅

Pic 12- hoodie by decathlon, jeans by Levi's and white sneakers by puma 

Pic 13- sweater from myntra, jeans by Levi's and boots from a local shop in shimla 

",2024-09-05T18:00:04.000Z,692,,https://reddit.com/r/IndianFashionAddicts/comments/1f9sy4u/some_of_my_this_years_outfits/
reddit_post_1ob8v5y,reddit,IN,mihikitty,,Kept it casual on the last day before Diwali holidays,"Nobody come after my ghar ke chappal plis. 

Top - Andheri Station Market 
Trousers - Flipkart 
Stilletos - Elle (Amazon/Myntra/Flipkart)",2025-10-20T02:59:21.000Z,666,,https://reddit.com/r/IndianFashionAddicts/comments/1ob8v5y/kept_it_casual_on_the_last_day_before_diwali/
reddit_post_1j7cncg,reddit,IN,Lopsided-Sandwich512,,Bhai ki shaadi!!,"So recently, #VireDiWedding happened and got the chance to dress up and get some pics clicked!!

Wanted to know any suggestions/advice or anything in general as my cousins' weddings are also coming up!!

The first two products are from Myntra and the green lehnga is from the local market!! ",2025-03-09T17:27:17.000Z,655,,https://reddit.com/r/IndianFashionAddicts/comments/1j7cncg/bhai_ki_shaadi/
reddit_comment_mh6zr5s,reddit,IN,Lopsided-Sandwich512,,,"First outfit link

https://www.myntra.com/mailers/apparel-set/kasya/kasya-embellished-shoulder-straps-ethnic-top-with-palazzos-&amp;-shrug/25838604/buy

Second outfit link 

https://www.myntra.com/mailers/apparel-set/inddus/inddus-women-floral-printed-crop-top-with-solid-maxi-skirt/27583500/buy",2025-03-11T12:45:58.000Z,1,,https://reddit.com/r/IndianFashionAddicts/comments/1j7cncg/bhai_ki_shaadi/mh6zr5s/
reddit_post_1hsn0ow,reddit,IN,mihikitty,,My work bsf told me that I dressed like a character from Mad Men!,"Waistcoat and trousers - Ketch on Myntra/Amazon/Flipkart (it's a set)

Shirt - Mom bought it from Paris in 2003 

Shoes - Shoetopia on Myntra/Amazon/Flipkart (size up for a perfect fit.)

Jewellery - El Regalo",2025-01-03T13:57:25.000Z,660,,https://reddit.com/r/IndianFashionAddicts/comments/1hsn0ow/my_work_bsf_told_me_that_i_dressed_like_a/
reddit_post_1leq0ct,reddit,IN,Inevitable_Wave_,,"Styling this saree for the first time, what more would you guys suggest?","Here’s my Outfit Details of what I am wearing:

Saree: Shimmery purple-black sequined saree (ordered from Myntra)

Accessories-
•	⁠Earrings: Statement danglers
•	⁠Watch: Classic Casio vintage edition
•	⁠Bracelet: Sleek metallic bracelet on the other
•	⁠Bag: Small shoulder/sling bag (local market find)
•	⁠Heels: Open-toe white heels (Van Heusen)
•	⁠Hair: Side-parted, loose waves
•	⁠Makeup: Kept natural/minimal",2025-06-18T19:20:54.000Z,650,,https://reddit.com/r/IndianFashionAddicts/comments/1leq0ct/styling_this_saree_for_the_first_time_what_more/
reddit_post_1f5kp50,reddit,IN,Lovescheeseballs,,Birthday fit !!! 💃,"How can I make this look better ?? 
(Repost because of low effort post) 

Dress - Myntra 
Necklace - Savana 
Bracelet - Savana ",2024-08-31T11:02:33.000Z,642,,https://reddit.com/r/IndianFashionAddicts/comments/1f5kp50/birthday_fit/
reddit_post_1rdlqj1,reddit,IN,calm_monster,,Some of my favourite fits and moods in recent months,"Outfit details -

outfit 1- top from dipitreats on instagram, skirt is from savana and boots from myntra 

outfit 2- top from savana, skirt from freakins, heels from street style store (very old)

outfit 3- mom's saree :D, blouse is plain black, tailor-stitched

outfit 4- top is from tata cliq, shirts from h&amp;m

outfit 5- both top and jeans from h&amp;m

outfit 6- arsenal terrace icons jersey (COYG) from goal threads store on instagram and jeans are from h&amp;m

outfit 7- saree from nykaa fashion

outfit 8- long coat from lifestyle or pantaloons (can't remember), knitted top inside from sarojini and pants from westside, bag is from Guess 

outfit 9- the kurti set is from chikankari fabrics store on instagram 

outfit 10- dress is from okhai, chappals from a local market

outfit 11- saree is from nykaa fashion, bag is from a local market 

outfit 12- crop top is from myntra (I think), pants from westside, flats are thrifted

outfit 13- top from savana, skirt is from lifestyle and footwear from myntra 

outfit 14- top is from an offline store in Pune, skirt is from newme

outfit 15- tank from tata cliq, skirt from myntra 

outfit 16- kurta and pants from myntra 

outfit 17- the set is from this brand called tjori

outfit 18- top from westside, pants from a local shop in manali 

outfit 19- top is h&amp;m, skirt is from lifestyle 

outfit 20- jacket is from a stall in surajkund mela, pants from h&amp;m",2026-02-24T16:58:23.000Z,642,,https://reddit.com/r/IndianFashionAddicts/comments/1rdlqj1/some_of_my_favourite_fits_and_moods_in_recent/
reddit_post_1nzqqfc,reddit,IN,Mountain_weird_owl,,White Town stroll fit🌻💛,"As many of you know, i went to pondi for my birthday which was on 1st and i have been posting pics like its a mini series. 
so here i am again showing you how good i can look. 

A teenager girl telling me how beautiful i looked and how beautiful my dress was the highlight of my trip. (she was screaming though)

Dress from Meesho
Heels from Myntra
",2025-10-06T18:13:59.000Z,632,,https://reddit.com/r/IndianFashionAddicts/comments/1nzqqfc/white_town_stroll_fit/
reddit_post_1u4hzug,reddit,IN,Puzzleheaded_Post_18,,"Recent fits, styled by my girlfriend","Please ignore my awkward poses lol still learning! 

Outfit 1-  thrifted shirt and short from Ajio

Outfit 2- again thrifted shirt and same shorts 

Outfit 3- Uniqlo shirt and shorts same short again(i do have other shorts but somehow these ones goes with everything)

Outfit 4 - thrifted shirt and shorts from myntra

Outfit- bought it from bangkok, don’t remember the brand name

And yes i am a bag enthusiasts, i like having a bag with everything outfit and likes to collect them too

I wanted to ask about the tie in outfit 4, i am not sure about how it looks, a bit too funky for my taste, whats the verdict on this?",2026-06-13T05:09:06.000Z,616,,https://reddit.com/r/IndianFashionAddicts/comments/1u4hzug/recent_fits_styled_by_my_girlfriend/
reddit_post_1sgwazz,reddit,IN,Ok-Stretch-1136,,Annual work-party fit,"Yearly office party fit!

Top - Myntra

(Stylecast x Slyck brand)

Shoes - Vans

Dark wash Denims and Minimal accessories...",2026-04-09T17:30:03.000Z,607,,https://reddit.com/r/IndianFashionAddicts/comments/1sgwazz/annual_workparty_fit/
reddit_post_1g1ys5f,reddit,IN,Twinkling_Paw,,Wore this for friend's party...,"Outfit- Newme
Heels- Myntra
Earings- Local Market",2024-10-12T12:13:30.000Z,589,,https://reddit.com/r/IndianFashionAddicts/comments/1g1ys5f/wore_this_for_friends_party/
reddit_post_1goq24j,reddit,IN,Arjun_Galathynius,,"Trans girl here, what do y’all think about these fits? Picked up most of the tops from Myntra.","Trans girl here, what do y’all think about these fits? Picked up most of the tops from Myntra.",2024-11-11T11:27:07.000Z,586,,https://reddit.com/r/IndianFashionAddicts/comments/1goq24j/trans_girl_here_what_do_yall_think_about_these/
reddit_post_1m3s0if,reddit,IN,syuzay,,A series of office outfits 🧑🏻‍💼💼,"How'd I do? 🐱

Outfit details: Mostly Myntra and Westside (several brands), over like a couple of years. Do ask me about anything and I'd be happy to mention about that particular outfit. 

I have a boatload of pictures but can't fit it all into one post. Will be posting others soon :)",2025-07-19T09:26:45.000Z,571,,https://reddit.com/r/IndianFashionAddicts/comments/1m3s0if/a_series_of_office_outfits/
reddit_post_1o5lkgf,reddit,IN,mihikitty,,I was feeling inspired today.,"Shirt - thrifted 
Vest - it was supposed to be a sleeveless top from dressberry (myntra) 
Trousers - Kotty 
Oxfords - Yoho",2025-10-13T14:41:03.000Z,561,,https://reddit.com/r/IndianFashionAddicts/comments/1o5lkgf/i_was_feeling_inspired_today/
reddit_post_1dcsd9a,reddit,IN,whoyouknowho,,Birthday Fit! ✨,"Dress is from an insta page -oakark 
Heels- myntra ",2024-06-10T18:15:46.000Z,555,,https://reddit.com/r/IndianFashionAddicts/comments/1dcsd9a/birthday_fit/
reddit_post_1s9o37p,reddit,IN,Mountain_weird_owl,,Outfit of the night🌃,"went out on a date with my man to eat momos.

heels and skirt: myntra

top: h&amp;m",2026-04-01T15:38:47.000Z,531,,https://reddit.com/r/IndianFashionAddicts/comments/1s9o37p/outfit_of_the_night/
reddit_post_1iuv1ia,reddit,IN,sickpsychopathicfuck,,Breaking down my outfit. How did I do? (Asking the ladies),"Got this top off of Myntra for 500-600
Bracelet for 100
Bag for 100 (which I now use as a gym bag)
Clip - 25
",2025-02-21T16:32:52.000Z,532,,https://reddit.com/r/IndianFashionAddicts/comments/1iuv1ia/breaking_down_my_outfit_how_did_i_do_asking_the/
reddit_post_1vuhac3,reddit,IN,type-shit-05,,"to all the girliiiieees, pls help","guys where do u buy short kurtis from? i checked online stores like myntra, but every other kurti is the saaaaame, bas print ka pharak hai. raakhi ke liye chahiye yaaar, koi suggestions ho toh pls tell. thank youu",2026-08-21T14:03:47.000Z,1,,https://reddit.com/r/delhi/comments/1vuhac3/to_all_the_girliiiieees_pls_help/